seed,asset-count,random-mean-score,ga-mean-score,initial-dsl-mean-score,final-dsl-mean-score,final-minus-random,final-minus-ga,final-minus-initial,random-mean-gap,ga-mean-gap,initial-dsl-mean-gap,final-dsl-mean-gap,random-mean-runtime-ms,ga-mean-runtime-ms,initial-dsl-mean-runtime-ms,final-dsl-mean-runtime-ms
1,50,0.7344599195424485,0.8955106581647785,0.9966879184774353,0.9966879184774353,0.26222799893498683,0.10117726031265684,0.0,0.26554008045755156,0.10448934183522156,0.003312081522564855,0.003312081522564855,11.5581271,13.768851400000003,14.107858700000003,12.581251900000002
1,100,0.7052238838400264,0.8716159955011802,0.9982054274679871,0.9982054274679871,0.2929815436279607,0.12658943196680694,0.0,0.2947761161599736,0.12838400449881973,0.0017945725320128985,0.0017945725320128985,20.5928436,25.412815799999997,28.842810499999995,31.707559800000002
1,250,0.6381757886346004,0.8168714925834412,0.9993273682679256,0.9993273682679256,0.3611515796333251,0.1824558756844844,0.0,0.3618242113653995,0.18312850741655887,6.726317320745617E-4,6.726317320745617E-4,56.278561100000005,67.70976420000001,89.63362409999999,116.90820299999999
1,500,0.6023013880713424,0.7914732631047314,0.9996746779764404,0.9996746779764404,0.397373289905098,0.20820141487170896,0.0,0.39769861192865763,0.20852673689526863,3.253220235596878E-4,3.253220235596878E-4,113.078422,137.8189527,222.0885024,384.7414655
2,50,0.738846292650549,0.9053640049903665,0.9966879184774353,0.9978275050200811,0.2589812123695321,0.0924635000297146,0.0011395865426457874,0.2611537073494511,0.09463599500963349,0.003312081522564855,0.002172494979918899,9.1629369,11.3089545,21.153251700000002,7.984303999999999
2,100,0.689963906649169,0.8788499812253671,0.9983532627372584,0.9982054274679871,0.30824152081881817,0.11935544624262007,-1.4783526927131252E-4,0.31003609335083104,0.12115001877463301,0.0016467372627415149,0.0017945725320128985,18.9565558,23.4739461,39.20826089999999,16.8952031
2,250,0.6318925826943258,0.8163252194971303,0.999441768858282,0.9993273682679256,0.36743478557359976,0.18300214877079524,-1.1440059035638939E-4,0.3681074173056743,0.18367478050286973,5.582311417180656E-4,6.726317320745617E-4,70.3877086,80.48930560000001,123.71513890000001,73.00318390000001
2,500,0.6005982753732452,0.7943824755874882,0.999767758514259,0.9996746779764404,0.3990764026031952,0.20529220238895218,-9.308053781864611E-5,0.39940172462675483,0.20561752441251185,2.3224148574115178E-4,3.253220235596878E-4,120.26147970000002,158.05365360000002,267.24836089999997,167.422934
3,50,0.7746445971810468,0.9127481033584866,0.9966879184774353,0.9966879184774353,0.22204332129638849,0.08393981511894877,0.0,0.22535540281895328,0.08725189664151353,0.003312081522564855,0.003312081522564855,9.0880782,11.2547654,46.65055460000001,10.359392699999999
3,100,0.6981557615941604,0.8717566062091426,0.9982054274679871,0.9982054274679871,0.30004966587382675,0.1264488212588445,0.0,0.3018442384058397,0.12824339379085725,0.0017945725320128985,0.0017945725320128985,19.168338900000002,23.501864400000002,109.1096159,25.4043705
3,250,0.6457115958031119,0.8214131103473269,0.9993273682679256,0.9993273682679256,0.3536157724648137,0.17791425792059867,0.0,0.35428840419688806,0.178586889652673,6.726317320745617E-4,6.726317320745617E-4,52.99766520000001,64.5012587,333.9376774,104.4512015
3,500,0.5999924818764095,0.789161715823109,0.9996746779764404,0.9996746779764404,0.39968219610003086,0.21051296215333137,0.0,0.4000075181235906,0.21083828417689104,3.253220235596878E-4,3.253220235596878E-4,118.81566520000001,146.52406130000003,754.6262478000001,370.6960153
4,50,0.7477436049416057,0.8941752137936587,0.9966879184774353,0.9966879184774353,0.24894431353582958,0.1025127046837766,0.0,0.25225639505839426,0.10582478620634128,0.003312081522564855,0.003312081522564855,9.145419199999997,11.4390941,20.6073037,10.675734900000002
4,100,0.6886672314202175,0.8668284823382765,0.9982054274679871,0.9982054274679871,0.30953819604776966,0.13137694512971065,0.0,0.31133276857978254,0.1331715176617234,0.0017945725320128985,0.0017945725320128985,18.6468939,23.089953599999998,36.0100881,25.7023255
4,250,0.6428035864442277,0.8184994610465919,0.9993273682679256,0.9993273682679256,0.3565237818236978,0.18082790722133368,0.0,0.35719641355577236,0.18150053895340815,6.726317320745617E-4,6.726317320745617E-4,51.2447997,62.9397848,86.5654456,103.9240745
4,500,0.6076684795480042,0.7917956371044843,0.9996746779764404,0.9996746779764404,0.3920061984284362,0.20787904087195608,0.0,0.39233152045199576,0.2082043628955157,3.253220235596878E-4,3.253220235596878E-4,115.98822100000002,137.5304044,172.5534452,358.5233241
5,50,0.7597017577074601,0.9097242492089895,0.9966879184774353,0.9966879184774353,0.23698616076997525,0.08696366926844579,0.0,0.24029824229253988,0.09027575079101044,0.003312081522564855,0.003312081522564855,11.7489796,14.1204884,107.54758389999999,15.445355000000001
5,100,0.69560854583361,0.8692786902970233,0.9982054274679871,0.9983955013856217,0.30278695555201174,0.1291168110885984,1.9007391763459225E-4,0.3043914541663899,0.13072130970297657,0.0017945725320128985,0.0016044986143782624,22.4518191,27.8268778,284.3867193,29.411664099999996
5,250,0.6391321659085787,0.8149687993769449,0.9993273682679256,0.9993273682679256,0.3601952023593469,0.18435856889098068,0.0,0.3608678340914214,0.18503120062305523,6.726317320745617E-4,6.726317320745617E-4,61.91908010000001,78.74501849999999,889.3660624,85.48252310000001
5,500,0.6080112473106902,0.7897042557910395,0.9996746779764404,0.9996746779764404,0.39166343066575016,0.20997042218540085,0.0,0.39198875268930977,0.2102957442089605,3.253220235596878E-4,3.253220235596878E-4,143.57255229999998,172.86991629999997,2234.0089395000005,193.55247369999998
6,50,0.7362425146329538,0.9024480721871043,0.9966879184774353,0.9966879184774353,0.26044540384448156,0.094239846290331,0.0,0.2637574853670462,0.09755192781289558,0.003312081522564855,0.003312081522564855,9.3926029,11.7493637,9.130039400000001,13.923262099999997
6,100,0.7085010202713187,0.8809274783134626,0.9982054274679871,0.9982054274679871,0.28970440719666846,0.1172779491545245,0.0,0.29149897972868144,0.11907252168653744,0.0017945725320128985,0.0017945725320128985,19.723786299999997,24.408501299999998,18.6706286,29.417642900000004
6,250,0.633518500094513,0.8238449583485753,0.9993273682679256,0.9993273682679256,0.3658088681734125,0.17548240991935027,0.0,0.36648149990548695,0.17615504165142476,6.726317320745617E-4,6.726317320745617E-4,53.8363161,66.36178140000001,56.9923084,78.8131587
6,500,0.6040460640368229,0.7903736403873518,0.9996746779764404,0.9996746779764404,0.39562861393961746,0.20930103758908858,0.0,0.3959539359631772,0.20962635961264814,3.253220235596878E-4,3.253220235596878E-4,120.1680449,149.312511,136.33466549999997,177.2214098
7,50,0.7505608263991479,0.8884276076708799,0.9966879184774353,0.9966879184774353,0.24612709207828742,0.1082603108065554,0.0,0.2494391736008521,0.11157239232912002,0.003312081522564855,0.003312081522564855,11.175845400000004,13.6394396,16.084473000000003,9.8994865
7,100,0.7138356551396086,0.8646575734576027,0.9982054274679871,0.9982054274679871,0.28436977232837857,0.13354785401038438,0.0,0.28616434486039133,0.1353424265423973,0.0017945725320128985,0.0017945725320128985,23.2704794,28.256136200000004,33.644309,20.244056500000006
7,250,0.6413873518636757,0.811575248723883,0.9993273682679256,0.999379633076288,0.3579922812126123,0.18780438435240498,5.2264808362401105E-5,0.35861264813632426,0.18842475127611708,6.726317320745617E-4,6.203669237121924E-4,58.93360789999999,71.3688848,93.50585699999999,56.3163902
7,500,0.6067732567141761,0.7970302720166852,0.9996746779764404,0.9996746779764404,0.39290142126226424,0.2026444059597552,0.0,0.39322674328582385,0.20296972798331486,3.253220235596878E-4,3.253220235596878E-4,130.44803309999998,158.94320840000003,191.75499429999996,155.457501
8,50,0.7364230400225025,0.8974960179107075,0.9966879184774353,0.9966879184774353,0.26026487845493285,0.09919190056672778,0.0,0.2635769599774975,0.10250398208929246,0.003312081522564855,0.003312081522564855,9.2055473,11.6099279,11.573406499999999,10.4977554
8,100,0.7051230045644077,0.8697825420953151,0.9982054274679871,0.9982054274679871,0.29308242290357944,0.128422885372672,0.0,0.29487699543559226,0.13021745790468492,0.0017945725320128985,0.0017945725320128985,18.7339189,22.7896557,27.691867600000002,24.9245787
8,250,0.6374812106020287,0.8196463344585008,0.9993273682679256,0.9993273682679256,0.3618461576658969,0.1796810338094248,0.0,0.3625187893979714,0.18035366554149931,6.726317320745617E-4,6.726317320745617E-4,51.581108199999996,63.706508400000004,110.56981370000001,104.19357070000001
8,500,0.6025235332364177,0.7926094901647682,0.9996746779764404,0.9996746779764404,0.39715114474002267,0.20706518781167216,0.0,0.3974764667635823,0.20739050983523177,3.253220235596878E-4,3.253220235596878E-4,121.34832350000002,144.81661179999998,367.32384949999994,377.05094779999996
9,50,0.7417943556525632,0.8983166073499452,0.9966879184774353,0.9966879184774353,0.2548935628248721,0.09837131112749009,0.0,0.25820564434743676,0.10168339265005485,0.003312081522564855,0.003312081522564855,10.103269800000001,12.193146000000002,13.8926285,11.3055351
9,100,0.7167967831685685,0.8544571100590398,0.9983532627372584,0.9982054274679871,0.2814086442994186,0.14374831740894733,-1.4783526927131252E-4,0.28320321683143146,0.14554288994096018,0.0016467372627415149,0.0017945725320128985,18.9366312,23.2053034,31.516631,25.9323375
9,250,0.6371907474042329,0.8157657467006565,0.999441768858282,0.9993273682679256,0.3621366208636927,0.18356162156726907,-1.1440059035638939E-4,0.3628092525957671,0.18423425329934345,5.582311417180656E-4,6.726317320745617E-4,51.4550095,63.8336264,100.546538,105.24125029999998
9,500,0.6066904641559662,0.7891234832100871,0.999767758514259,0.9996746779764404,0.3929842138204742,0.2105511947663533,-9.308053781864611E-5,0.39330953584403383,0.21087651678991293,2.3224148574115178E-4,3.253220235596878E-4,114.80554079999999,137.32377219999998,265.1095693,362.2390538000001
10,50,0.7544483254291041,0.9125554501397858,0.9966879184774353,0.9966879184774353,0.2422395930483312,0.08413246833764954,0.0,0.24555167457089588,0.08744454986021441,0.003312081522564855,0.003312081522564855,9.4593032,11.8778942,44.5511451,8.4601377
10,100,0.704504042322532,0.8623188788565892,0.9982054274679871,0.9982054274679871,0.2937013851454551,0.13588654861139793,0.0,0.29549595767746784,0.13768112114341077,0.0017945725320128985,0.0017945725320128985,21.4187116,25.832273900000008,116.2447365,17.6289502
10,250,0.6369980340018664,0.8231254776912035,0.9993273682679256,0.9993273682679256,0.3623293342660592,0.1762018905767221,0.0,0.36300196599813367,0.17687452230879655,6.726317320745617E-4,6.726317320745617E-4,54.407527200000004,67.69002739999999,373.584434,52.442492
10,500,0.6091353770067887,0.7941841451756971,0.9996746779764404,0.9996746779764404,0.3905393009696517,0.20549053280074325,0.0,0.3908646229932113,0.20581585482430276,3.253220235596878E-4,3.253220235596878E-4,125.0336,144.7331743,917.4481166999998,136.20252899999997
11,50,0.7675925084343354,0.9010388972186936,0.9966879184774353,0.9966879184774353,0.22909541004309997,0.09564902125874175,0.0,0.2324074915656646,0.09896110278130633,0.003312081522564855,0.003312081522564855,9.278492,11.5552013,11.5122268,10.8488223
11,100,0.7126978845824079,0.8565761713059983,0.9982054274679871,0.9982054274679871,0.2855075428855792,0.14162925616198885,0.0,0.2873021154175921,0.14342382869400172,0.0017945725320128985,0.0017945725320128985,18.7456652,22.950398,28.465392499999997,25.5261659
11,250,0.6434602210013952,0.8127001738939945,0.9993273682679256,0.9993273682679256,0.35586714726653035,0.18662719437393105,0.0,0.3565397789986047,0.1872998261060054,6.726317320745617E-4,6.726317320745617E-4,54.6023956,67.4727464,112.91536059999999,111.4522768
11,500,0.603815334322074,0.7971071055785698,0.9996746779764404,0.9996746779764404,0.39585934365436637,0.2025675723978706,0.0,0.39618466567792593,0.20289289442143024,3.253220235596878E-4,3.253220235596878E-4,114.75995929999999,137.0510787,367.4332653,361.1566018
12,50,0.7516867998070033,0.9088266698484377,0.9966879184774353,0.997188881868572,0.24550208206156876,0.08836221202013428,5.009633911366995E-4,0.24831320019299669,0.09117333015156236,0.003312081522564855,0.002811118131428053,12.9101955,16.0190584,18.0355576,16.2413149
12,100,0.6950645748411455,0.864603426389672,0.9982054274679871,0.9982054274679871,0.30314085262684165,0.1336020010783151,0.0,0.3049354251588546,0.13539657361032803,0.0017945725320128985,0.0017945725320128985,20.6161502,25.731280400000003,39.43977099999999,26.7390722
12,250,0.6334570071633097,0.8146167138895356,0.9993273682679256,0.9993273682679256,0.3658703611046159,0.18471065437838996,0.0,0.3665429928366903,0.18538328611046442,6.726317320745617E-4,6.726317320745617E-4,55.1566423,68.33269179999999,114.23661190000003,70.232246
12,500,0.5999409651133244,0.7928148902425873,0.9996746779764404,0.9996746779764404,0.399733712863116,0.20685978773385305,0.0,0.4000590348866755,0.20718510975741272,3.253220235596878E-4,3.253220235596878E-4,110.9371284,136.74125759999998,263.72164680000003,143.45945339999997
13,50,0.7353364631644862,0.9001738198642277,0.9966879184774353,0.9966879184774353,0.2613514553129491,0.09651409861320759,0.0,0.26466353683551386,0.0998261801357723,0.003312081522564855,0.003312081522564855,8.8711475,10.8837941,12.782774999999999,10.267632100000002
13,100,0.6950750572346402,0.864340850292374,0.9982054274679871,0.9982054274679871,0.3031303702333469,0.13386457717561318,0.0,0.30492494276535975,0.13565914970762608,0.0017945725320128985,0.0017945725320128985,18.295154200000002,22.4985431,26.7829118,24.650556400000006
13,250,0.6339939494046686,0.814691413150026,0.9993273682679256,0.9993273682679256,0.365333418863257,0.18463595511789954,0.0,0.3660060505953314,0.18530858684997414,6.726317320745617E-4,6.726317320745617E-4,54.8549763,67.9395614,73.142399,108.8910758
13,500,0.609424822845536,0.7884141633617061,0.9996746779764404,0.9996746779764404,0.3902498551309044,0.21126051461473427,0.0,0.3905751771544639,0.2115858366382939,3.253220235596878E-4,3.253220235596878E-4,109.43358779999998,134.9388112,157.44348079999997,341.8789978
14,50,0.7529393654470512,0.8950186600313694,0.9971620564084697,0.9966879184774353,0.24374855303038412,0.10166925844606589,-4.741379310343463E-4,0.2470606345529487,0.10498133996863065,0.0028379435915303714,0.003312081522564855,8.860648099999999,11.174578100000002,14.410343399999999,10.339312099999999
14,100,0.7128421051305325,0.8679692427121717,0.9982054274679871,0.9982054274679871,0.28536332233745465,0.13023618475581544,0.0,0.28715789486946763,0.13203075728782832,0.0017945725320128985,0.0017945725320128985,19.325477,23.6674717,29.039024700000006,26.431595100000003
14,250,0.6391861954898426,0.8098549324974528,0.9993273682679256,0.9993273682679256,0.360141172778083,0.1894724357704728,0.0,0.3608138045101575,0.1901450675025471,6.726317320745617E-4,6.726317320745617E-4,51.99911619999999,63.4022099,74.7342007,106.20372640000001
14,500,0.6078416104349555,0.7873262163132011,0.9996746779764404,0.9996746779764404,0.39183306754148484,0.21234846166323929,0.0,0.3921583895650444,0.21267378368679885,3.253220235596878E-4,3.253220235596878E-4,111.79893890000001,137.62252009999997,143.40896370000002,361.9665787
15,50,0.7326716468186858,0.8985696002628074,0.9966879184774353,0.9966879184774353,0.2640162716587495,0.09811831821462791,0.0,0.2673283531813141,0.10143039973719252,0.003312081522564855,0.003312081522564855,9.686135500000002,11.8831967,15.5614724,11.216446300000001
15,100,0.7046386904610054,0.8665538312211869,0.9982054274679871,0.9982054274679871,0.29356673700698177,0.13165159624680023,0.0,0.29536130953899464,0.133446168778813,0.0017945725320128985,0.0017945725320128985,19.959909900000003,24.2562795,33.3785582,27.1456575
15,250,0.6515847519980211,0.8106019057949864,0.9993273682679256,0.9993273682679256,0.34774261626990444,0.1887254624729392,0.0,0.34841524800197887,0.18939809420501377,6.726317320745617E-4,6.726317320745617E-4,54.58142870000002,67.83022810000001,99.5104747,111.8563
15,500,0.5991768255576109,0.7932468042533525,0.9996746779764404,0.9996746779764404,0.4004978524188295,0.2064278737230879,0.0,0.4008231744423892,0.20675319574664752,3.253220235596878E-4,3.253220235596878E-4,108.23788760000002,131.4690938,225.87124630000002,347.37474810000003
16,50,0.7451893331114655,0.9077367586652606,0.9966879184774353,0.9966879184774353,0.2514985853659698,0.08895115981217472,0.0,0.2548106668885346,0.09226324133473936,0.003312081522564855,0.003312081522564855,9.9409668,12.1065937,11.455269,11.449903199999998
16,100,0.704861438699675,0.8714148709390802,0.9982054274679871,0.9982054274679871,0.29334398876831214,0.12679055652890692,0.0,0.29513856130032506,0.1285851290609199,0.0017945725320128985,0.0017945725320128985,20.324838699999997,24.8401796,25.3504798,27.294852900000002
16,250,0.6356414634629532,0.8181476174254148,0.9993273682679256,0.9993273682679256,0.3636859048049723,0.1811797508425108,0.0,0.36435853653704675,0.18185238257458514,6.726317320745617E-4,6.726317320745617E-4,55.2045928,67.7727806,102.9155508,111.6255516
16,500,0.6046160216107285,0.7870250013797535,0.9996746779764404,0.9996746779764404,0.3950586563657119,0.21264967659668688,0.0,0.39538397838927153,0.21297499862024655,3.253220235596878E-4,3.253220235596878E-4,110.8217909,136.01612970000002,366.9966992,356.7245809
17,50,0.7498695267182933,0.9001145742818186,0.9966879184774353,0.9966879184774353,0.246818391759142,0.0965733441956167,0.0,0.2501304732817068,0.09988542571818133,0.003312081522564855,0.003312081522564855,9.666941,11.9444053,12.9899181,8.3744168
17,100,0.7082440247395603,0.8718330224497626,0.9982054274679871,0.9982054274679871,0.28996140272842685,0.12637240501822455,0.0,0.2917559752604396,0.12816697755023734,0.0017945725320128985,0.0017945725320128985,19.8323569,24.7645228,27.0308652,17.6452537
17,250,0.6414402605490434,0.8196594518903126,0.9993273682679256,0.9993273682679256,0.3578871077188822,0.17966791637761292,0.0,0.35855973945095654,0.18034054810968733,6.726317320745617E-4,6.726317320745617E-4,54.1870493,66.58974359999999,78.1561235,56.395004699999994
17,500,0.6046354030485036,0.7976344462661662,0.9996746779764404,0.9996746779764404,0.3950392749279368,0.2020402317102742,0.0,0.39536459695149634,0.20236555373383386,3.253220235596878E-4,3.253220235596878E-4,112.53447940000001,137.1447225,168.80481350000002,151.4749227
18,50,0.751491557987381,0.9121192256894265,0.9966879184774353,0.997873168696926,0.246381610709545,0.0857539430074995,0.0011852502194906744,0.24850844201261899,0.0878807743105735,0.003312081522564855,0.002126831303074073,9.637761699999999,12.0919118,14.573452499999998,12.5220185
18,100,0.6893629315988715,0.8544945560240669,0.9982054274679871,0.9982276645149073,0.3088647329160358,0.14373310849084042,2.2237046920170478E-5,0.31063706840112865,0.14550544397593307,0.0017945725320128985,0.0017723354850927293,20.207394600000004,24.6659246,29.608864900000004,25.8076292
18,250,0.6355545883921401,0.812826107731933,0.9993273682679256,0.9993273682679256,0.3637727798757855,0.18650126053599259,0.0,0.3644454116078598,0.18717389226806697,6.726317320745617E-4,6.726317320745617E-4,53.826426600000005,66.1223956,78.8691336,70.4231252
18,500,0.6077434445032371,0.7994477087730207,0.9996746779764404,0.9996746779764404,0.39193123347320324,0.20022696920341965,0.0,0.39225655549676286,0.20055229122697935,3.253220235596878E-4,3.253220235596878E-4,114.21271629999997,138.8852742,168.97146620000004,147.53464520000003
19,50,0.7508930327824126,0.8939546478786389,0.9909971769015572,0.9977327324400763,0.24683969965766372,0.10377808456143744,0.006735555538519122,0.24910696721758727,0.10604535212136128,0.009002823098442855,0.0022672675599236993,9.023822,11.1372586,14.8857495,12.705486
19,100,0.7116327242762501,0.8739092889050575,0.9808533353353448,0.9982054274679871,0.286572703191737,0.12429613856292965,0.017352092132642327,0.28836727572374987,0.12609071109494266,0.019146664664655245,0.0017945725320128985,19.181958100000003,24.0688891,30.2373194,25.5822224
19,250,0.6306505623702692,0.8220560480257235,0.9804603762093176,0.9993273682679256,0.3686768058976564,0.17727132024220205,0.01886699205860798,0.3693494376297308,0.17794395197427643,0.019539623790682324,6.726317320745617E-4,55.0272611,68.0296562,78.9221264,73.3335907
19,500,0.6042294533325111,0.7935582503564852,0.9804356875876111,0.9996746779764404,0.3954452246439293,0.2061164276199552,0.019238990388829258,0.3957705466674889,0.20644174964351475,0.019564312412388703,3.253220235596878E-4,110.0493549,136.4813436,171.48527080000002,147.4810192
20,50,0.7501472673268748,0.9109696457045027,0.9966879184774353,0.9966879184774353,0.24654065115056056,0.08571827277293265,0.0,0.24985273267312516,0.08903035429549747,0.003312081522564855,0.003312081522564855,9.112191300000001,11.0332212,15.558729499999998,7.9096547
20,100,0.689619062686795,0.8676140027397908,0.9982054274679871,0.9982054274679871,0.30858636478119217,0.1305914247281963,0.0,0.31038093731320504,0.1323859972602091,0.0017945725320128985,0.0017945725320128985,18.8045349,23.252009299999997,32.981729200000004,16.7522919
20,250,0.6250920105855838,0.8188094079443282,0.9993273682679256,0.9993273682679256,0.37423535768234173,0.18051796032359735,0.0,0.3749079894144161,0.18119059205567187,6.726317320745617E-4,6.726317320745617E-4,51.212459100000004,62.9854325,95.5403933,53.160784899999996
20,500,0.6011269180223301,0.7834764734573606,0.9996746779764404,0.9996746779764404,0.3985477599541103,0.21619820451907978,0.0,0.3988730819776699,0.2165235265426395,3.253220235596878E-4,3.253220235596878E-4,108.49055739999999,132.63260310000004,207.0194882,146.11377099999999
21,50,0.7562214842377545,0.9088517689107208,0.9966879184774353,0.9966879184774353,0.24046643423968084,0.08783614956671448,0.0,0.24377851576224546,0.09114823108927914,0.003312081522564855,0.003312081522564855,8.8312265,10.8856451,7.9529252,7.851129
21,100,0.7054868625212498,0.8569614442869083,0.9982054274679871,0.9982054274679871,0.2927185649467373,0.14124398318107878,0.0,0.2945131374787501,0.14303855571309174,0.0017945725320128985,0.0017945725320128985,18.971731400000003,23.216559099999998,17.093649000000003,17.223162100000003
21,250,0.6312392940550298,0.8096364041107629,0.9993273682679256,0.9993273682679256,0.3680880742128958,0.1896909641571627,0.0,0.3687607059449701,0.1903635958892372,6.726317320745617E-4,6.726317320745617E-4,56.0993423,69.0846636,54.291154600000006,57.6125217
21,500,0.6026917454278443,0.7958039082994205,0.9996746779764404,0.9996746779764404,0.39698293254859607,0.2038707696770199,0.0,0.3973082545721557,0.20419609170057954,3.253220235596878E-4,3.253220235596878E-4,107.07331280000001,131.925451,162.94123790000003,156.1532282
22,50,0.760819258726942,0.9100975671347395,0.9966879184774353,0.9966879184774353,0.23586865975049331,0.08659035134269577,0.0,0.23918074127305805,0.08990243286526056,0.003312081522564855,0.003312081522564855,9.080251700000002,11.237967399999999,10.8803418,10.6017136
22,100,0.7024139926998558,0.8682550564974074,0.9982054274679871,0.9982054274679871,0.2957914347681313,0.1299503709705797,0.0,0.29758600730014406,0.13174494350259267,0.0017945725320128985,0.0017945725320128985,18.530154099999997,22.831666900000002,27.024159399999995,25.754425200000004
22,250,0.6387748053057614,0.8168147015329408,0.9993273682679256,0.9993273682679256,0.3605525629621642,0.18251266673498479,0.0,0.3612251946942387,0.18318529846705917,6.726317320745617E-4,6.726317320745617E-4,51.26537090000001,63.158069,110.6216426,103.8707807
22,500,0.6068122161104832,0.7924148116972685,0.9996746779764404,0.9996746779764404,0.3928624618659572,0.20725986627917192,0.0,0.3931877838895169,0.20758518830273148,3.253220235596878E-4,3.253220235596878E-4,108.5386234,132.60731500000003,371.7244507,347.32000389999996
23,50,0.741898260117523,0.9111404040454323,0.9966879184774353,0.9966879184774353,0.2547896583599123,0.08554751443200304,0.0,0.25810173988247687,0.08885959595456776,0.003312081522564855,0.003312081522564855,9.210154900000003,11.6387243,26.650849599999997,10.7273284
23,100,0.7074308003607853,0.8639390305362762,0.9982054274679871,0.9982054274679871,0.2907746271072018,0.13426639693171094,0.0,0.2925691996392147,0.13606096946372367,0.0017945725320128985,0.0017945725320128985,19.060584300000002,23.0535547,56.9020072,25.6943738
23,250,0.6335978908505767,0.8167797521107021,0.9993273682679256,0.9993273682679256,0.36572947741734885,0.18254761615722348,0.0,0.3664021091494232,0.18322024788929786,6.726317320745617E-4,6.726317320745617E-4,51.8390627,63.5323887,175.3025987,105.1063294
23,500,0.6023582995955191,0.7963883935105545,0.9996746779764404,0.9996746779764404,0.39731637838092126,0.20328628446588592,0.0,0.39764170040448077,0.2036116064894454,3.253220235596878E-4,3.253220235596878E-4,138.01755250000002,147.0883541,396.9093283,379.5881583
24,50,0.7538848300304124,0.8996671525854211,0.9966879184774353,0.9966879184774353,0.24280308844702292,0.09702076589201425,0.0,0.24611516996958765,0.10033284741457901,0.003312081522564855,0.003312081522564855,8.930918199999999,11.2091658,15.807528,10.190602499999999
24,100,0.709048191885835,0.863816036240036,0.9982054274679871,0.9982054274679871,0.2891572355821521,0.13438939122795113,0.0,0.2909518081141651,0.13618396375996406,0.0017945725320128985,0.0017945725320128985,18.709582599999997,23.0019299,32.522323400000005,25.200750999999997
24,250,0.6402030740844216,0.8116657535297966,0.9993273682679256,0.9993273682679256,0.359124294183504,0.18766161473812892,0.0,0.3597969259155784,0.1883342464702034,6.726317320745617E-4,6.726317320745617E-4,50.245256499999996,61.884909400000005,85.87769970000001,101.16050279999999
24,500,0.5975340189544196,0.7950860549828798,0.9996746779764404,0.9996746779764404,0.4021406590220208,0.20458862299356062,0.0,0.40246598104558035,0.20491394501712015,3.253220235596878E-4,3.253220235596878E-4,112.64131640000001,145.3916845,174.39138080000004,350.54117410000003
25,50,0.7385776095342098,0.9050099688181021,0.9966879184774353,0.9966879184774353,0.2581103089432255,0.09167794965933318,0.0,0.26142239046579024,0.09499003118189794,0.003312081522564855,0.003312081522564855,10.669919,12.980824099999998,10.428975600000001,14.095603400000002
25,100,0.7144454388470376,0.8628836317223907,0.9982054274679871,0.9982054274679871,0.28375998862094953,0.13532179574559644,0.0,0.2855545611529624,0.13711636827760915,0.0017945725320128985,0.0017945725320128985,22.0434537,27.2345197,25.2890167,28.4866879
25,250,0.644697002438764,0.8203265118361898,0.9993273682679256,0.9993273682679256,0.3546303658291615,0.1790008564317358,0.0,0.35530299756123596,0.17967348816381,6.726317320745617E-4,6.726317320745617E-4,58.1633475,71.71331080000002,100.6533303,75.474928
25,500,0.6130107875555455,0.7909145426126992,0.9996746779764404,0.9996746779764404,0.3866638904208949,0.20876013536374116,0.0,0.3869892124444546,0.20908545738730067,3.253220235596878E-4,3.253220235596878E-4,120.74132219999998,150.1215646,369.6133795,159.59749359999998
26,50,0.7487268837015595,0.8971025876906744,0.9966879184774353,0.9966879184774353,0.24796103477587583,0.0995853307867609,0.0,0.2512731162984405,0.10289741230932584,0.003312081522564855,0.003312081522564855,8.879261900000001,10.8745995,14.1885395,7.822349699999999
26,100,0.6997776984697768,0.8651502567264366,0.9982054274679871,0.9983532627372584,0.29857556426748166,0.1332030060108218,1.4783526927131252E-4,0.3002223015302233,0.13484974327356322,0.0017945725320128985,0.0016467372627415149,18.418719799999998,22.713064599999996,28.979942700000002,15.731579399999998
26,250,0.6349197192325119,0.8189598354138796,0.9993273682679256,0.9993455236782378,0.3644258044457259,0.1803856882643582,1.815541031224832E-5,0.3650802807674882,0.18104016458612032,6.726317320745617E-4,6.544763217622888E-4,55.4306716,68.94708130000001,78.5549456,52.460869100000004
26,500,0.6085715455270152,0.7865295785292628,0.9996746779764404,0.9996962259854044,0.3911246804583892,0.21316664745614167,2.1548008964034082E-5,0.3914284544729848,0.21347042147073733,3.253220235596878E-4,3.037740145957161E-4,114.94066899999999,140.2021795,163.8410302,133.25416700000002
27,50,0.7382675348449645,0.9068207651267357,0.9369458015588432,0.9968635111025449,0.25859597625758035,0.09004274597580919,0.05991770954370168,0.26173246515503534,0.09317923487326439,0.06305419844115687,0.0031364888974551087,10.6015993,13.0647056,17.436694499999998,14.2259936
27,100,0.71280067357412,0.8623734845938816,0.8871255757379066,0.9982054274679871,0.2854047538938671,0.1358319428741055,0.1110798517300805,0.2871993264258798,0.13762651540611837,0.1128744242620932,0.0017945725320128985,23.7542929,28.6954634,36.8826825,29.994116600000005
27,250,0.6400565434356664,0.8129426452886076,0.8162159641867784,0.9994090676143307,0.35935252417866426,0.18646642232572308,0.18319310342755224,0.3599434565643335,0.18705735471139245,0.1837840358132215,5.909323856693331E-4,62.80501609999999,78.3369372,111.86414399999998,84.2080723
27,500,0.6022576612833435,0.7892273265102925,0.7886613478817169,0.9996832971800261,0.39742563589668267,0.21045597066973365,0.2110219492983092,0.3977423387166566,0.21077267348970752,0.2113386521182831,3.167028199740992E-4,124.43539489999998,154.01392130000002,232.13571919999995,170.6088699
28,50,0.7433802532847472,0.915276170599925,0.9966879184774353,0.9966879184774353,0.2533076651926881,0.08141174787751027,0.0,0.2566197467152528,0.08472382940007486,0.003312081522564855,0.003312081522564855,9.5464199,11.643523299999998,13.1779573,12.4112087
28,100,0.6835976904407771,0.8654464343928396,0.9982054274679871,0.9982054274679871,0.31460773702721,0.1327589930751475,0.0,0.3164023095592229,0.13455356560716042,0.0017945725320128985,0.0017945725320128985,19.91079,24.3561421,27.285737,25.9009572
28,250,0.6374602775557711,0.814734661549041,0.9993273682679256,0.9993702535925675,0.3619099760367964,0.18463559204352653,4.2885324641916966E-5,0.3625397224442289,0.1852653384509591,6.726317320745617E-4,6.297464074326543E-4,51.3411823,63.54726850000001,73.08801020000001,66.3453708
28,500,0.6012326478271823,0.7920993425598205,0.9996746779764404,0.9996746779764404,0.39844203014925805,0.20757533541661988,0.0,0.3987673521728179,0.20790065744017952,3.253220235596878E-4,3.253220235596878E-4,106.09205990000001,129.69275409999997,165.7950731,137.9608625
29,50,0.7562298892133756,0.8878970392085641,0.9966879184774353,0.9968091561542076,0.24057926694083198,0.10891211694564351,1.2123767677230113E-4,0.24377011078662444,0.112102960791436,0.003312081522564855,0.0031908438457924444,8.9960235,11.2509622,12.743716800000001,12.0626455
29,100,0.6904095758070449,0.8647192581163516,0.9982054274679871,0.9982054274679871,0.30779585166094225,0.1334861693516355,0.0,0.3095904241929551,0.13528074188364841,0.0017945725320128985,0.0017945725320128985,18.439304,22.63544,26.6627204,23.6244176
29,250,0.6377060124193721,0.8145614472433745,0.9993273682679256,0.9993273682679256,0.3616213558485535,0.18476592102455103,0.0,0.36229398758062786,0.18543855275662546,6.726317320745617E-4,6.726317320745617E-4,52.31222429999999,64.20865920000001,77.9364896,68.12701560000001
29,500,0.6051575485683032,0.7897620448009263,0.9996746779764404,0.9996746779764404,0.3945171294081372,0.20991263317551412,0.0,0.3948424514316969,0.21023795519907376,3.253220235596878E-4,3.253220235596878E-4,107.2484455,132.60806350000001,156.4747341,140.3578674
30,50,0.7432804252665205,0.899182570092439,0.9966879184774353,0.9966879184774353,0.2534074932109148,0.09750534838499636,0.0,0.2567195747334795,0.10081742990756112,0.003312081522564855,0.003312081522564855,8.8856174,10.912477,17.1547975,10.009464799999998
30,100,0.7177539847385827,0.8689740259732762,0.9982054274679871,0.9982054274679871,0.2804514427294045,0.1292314014947109,0.0,0.28224601526141735,0.13102597402672383,0.0017945725320128985,0.0017945725320128985,18.124463900000002,22.399664100000003,35.9401593,24.9193314
30,250,0.6431651812269052,0.8256579616937317,0.9993273682679256,0.9993273682679256,0.3561621870410203,0.17366940657419383,0.0,0.3568348187730947,0.17434203830626832,6.726317320745617E-4,6.726317320745617E-4,50.0992653,61.56827010000001,94.5725615,102.29697239999999
30,500,0.6071351084125782,0.7985265926797203,0.9996746779764404,0.9996746779764404,0.39253956956386216,0.20114808529672012,0.0,0.39286489158742177,0.2014734073202798,3.253220235596878E-4,3.253220235596878E-4,105.2406234,129.8271629,196.1477836,332.70779660000005
